INSERT INTO notification_group(id, name, owner_id, description, password, type, created_at, updated_at) VALUES ('01917f85-d329-725c-89d8-e6712e585a4f', 'admin-group-1', '01917f7a-3d9f-75aa-be6b-ef76d583653b', 'admin-group-1 description', null, 2, current_timestamp, current_timestamp);
INSERT INTO notification_group(id, name, owner_id, description, password, type, created_at, updated_at) VALUES ('01917f85-d329-725c-89d8-e6712e585a5f', 'group-1', '01917f7a-3d9f-75aa-be6b-ef76d583653b', 'group-1 description', null, 2, current_timestamp, current_timestamp);
INSERT INTO notification_group(id, name, owner_id, description, password, type, created_at, updated_at) VALUES ('01917f85-d329-725c-89d8-e6712e585a00', 'group-2', '01917f7a-aeeb-7d60-893b-e4c7c60ff9b9', 'group-2 description', null, 2, current_timestamp, current_timestamp);
INSERT INTO notification_group(id, name, owner_id, description, password, type, created_at, updated_at) VALUES ('01917f85-d329-725c-89d8-e6712e585a01', 'group-3', '01917f7a-aeeb-7d60-893b-e4c7c60ff9b9', 'group-3 description', null, 2, current_timestamp, current_timestamp);
INSERT INTO notification_group(id, name, owner_id, description, password, type, created_at, updated_at) VALUES ('01917f85-d329-725c-89d8-e6712e585a02', 'group-4', '01917f7a-aeeb-7d60-893b-e4c7c60ff9b9', 'group-4 description', null, 2, current_timestamp, current_timestamp);
INSERT INTO notification_group(id, name, owner_id, description, password, type, created_at, updated_at) VALUES ('01917f85-d329-725c-89d8-e6712e585a03', 'group-5', '01917f7a-aeeb-7d60-893b-e4c7c60ff9b9', 'group-5 description', null, 2, current_timestamp, current_timestamp);
INSERT INTO notification_group(id, name, owner_id, description, password, type, created_at, updated_at) VALUES ('01917f85-d329-725c-89d8-e6712e585a04', 'group-6', '01917f7a-aeeb-7d60-893b-e4c7c60ff9b9', 'group-6 description', null, 2, current_timestamp, current_timestamp);
INSERT INTO notification_group(id, name, owner_id, description, password, type, created_at, updated_at) VALUES ('01917f85-d329-725c-89d8-e6712e585a05', 'group-7', '01917f7a-aeeb-7d60-893b-e4c7c60ff9b9', 'group-7 description', null, 2, current_timestamp, current_timestamp);

-- ADMIN GROUP 1 MEMBERS
INSERT INTO notification_group_member(group_id, member_id, nickname, member_role, profile_image_url, created_at, updated_at) VALUES ('01917f85-d329-725c-89d8-e6712e585a4f', '01917f7a-3d9f-75aa-be6b-ef76d583653b', 'admin-owner', 1, null, current_timestamp, current_timestamp);

-- GROUP 1 MEMBERS
INSERT INTO notification_group_member(group_id, member_id, nickname, member_role, profile_image_url, created_at, updated_at) VALUES ('01917f85-d329-725c-89d8-e6712e585a5f', '01917f7a-3d9f-75aa-be6b-ef76d583653b', 'admin', 2, null, current_timestamp, current_timestamp);
INSERT INTO notification_group_member(group_id, member_id, nickname, member_role, profile_image_url, created_at, updated_at) VALUES ('01917f85-d329-725c-89d8-e6712e585a5f', '01917f7a-aeeb-7d60-893b-e4c7c60ff9b9', 'member-1', 1, null, current_timestamp, current_timestamp);
INSERT INTO notification_group_member(group_id, member_id, nickname, member_role, profile_image_url, created_at, updated_at) VALUES ('01917f85-d329-725c-89d8-e6712e585a5f', '01917f7a-d55a-769e-9205-c328897c2fbf', 'member-2', 3, null, current_timestamp, current_timestamp);
INSERT INTO notification_group_member(group_id, member_id, nickname, member_role, profile_image_url, created_at, updated_at) VALUES ('01917f85-d329-725c-89d8-e6712e585a5f', '01918043-8f6f-7930-a283-f84ded99d409', 'member-3', 3, null, current_timestamp, current_timestamp);
INSERT INTO notification_group_member(group_id, member_id, nickname, member_role, profile_image_url, created_at, updated_at) VALUES ('01917f85-d329-725c-89d8-e6712e585a5f', '01918043-9105-755b-9940-ab9a24f0bb7d', 'member-4', 3, null, current_timestamp, current_timestamp);
INSERT INTO notification_group_member(group_id, member_id, nickname, member_role, profile_image_url, created_at, updated_at) VALUES ('01917f85-d329-725c-89d8-e6712e585a5f', '01918043-eb60-7300-9487-4fa0366b5f2a', 'member-5', 3, null, current_timestamp, current_timestamp);
INSERT INTO notification_group_member(group_id, member_id, nickname, member_role, profile_image_url, created_at, updated_at) VALUES ('01917f85-d329-725c-89d8-e6712e585a5f', '01918043-ed15-7ac9-98b9-c0b67ac717bc', 'member-6', 3, null, current_timestamp, current_timestamp);
INSERT INTO notification_group_member(group_id, member_id, nickname, member_role, profile_image_url, created_at, updated_at) VALUES ('01917f85-d329-725c-89d8-e6712e585a5f', '01918043-eed7-7705-99c2-c3903babdce0', 'member-7', 3, null, current_timestamp, current_timestamp);

-- GROUP 2 MEMBERS
INSERT INTO notification_group_member(group_id, member_id, nickname, member_role, profile_image_url, created_at, updated_at) VALUES ('01917f85-d329-725c-89d8-e6712e585a00', '01917f7a-3d9f-75aa-be6b-ef76d583653b', 'admin', 3, null, current_timestamp, current_timestamp);
INSERT INTO notification_group_member(group_id, member_id, nickname, member_role, profile_image_url, created_at, updated_at) VALUES ('01917f85-d329-725c-89d8-e6712e585a00', '01917f7a-aeeb-7d60-893b-e4c7c60ff9b9', 'member-1', 2, null, current_timestamp, current_timestamp);
INSERT INTO notification_group_member(group_id, member_id, nickname, member_role, profile_image_url, created_at, updated_at) VALUES ('01917f85-d329-725c-89d8-e6712e585a00', '01917f7a-d55a-769e-9205-c328897c2fbf', 'member-2', 1, null, current_timestamp, current_timestamp);
INSERT INTO notification_group_member(group_id, member_id, nickname, member_role, profile_image_url, created_at, updated_at) VALUES ('01917f85-d329-725c-89d8-e6712e585a00', '01918043-8f6f-7930-a283-f84ded99d409', 'member-3', 3, null, current_timestamp, current_timestamp);
INSERT INTO notification_group_member(group_id, member_id, nickname, member_role, profile_image_url, created_at, updated_at) VALUES ('01917f85-d329-725c-89d8-e6712e585a00', '01918043-9105-755b-9940-ab9a24f0bb7d', 'member-4', 3, null, current_timestamp, current_timestamp);
INSERT INTO notification_group_member(group_id, member_id, nickname, member_role, profile_image_url, created_at, updated_at) VALUES ('01917f85-d329-725c-89d8-e6712e585a00', '01918043-eb60-7300-9487-4fa0366b5f2a', 'member-5', 3, null, current_timestamp, current_timestamp);
INSERT INTO notification_group_member(group_id, member_id, nickname, member_role, profile_image_url, created_at, updated_at) VALUES ('01917f85-d329-725c-89d8-e6712e585a00', '01918043-ed15-7ac9-98b9-c0b67ac717bc', 'member-6', 3, null, current_timestamp, current_timestamp);
INSERT INTO notification_group_member(group_id, member_id, nickname, member_role, profile_image_url, created_at, updated_at) VALUES ('01917f85-d329-725c-89d8-e6712e585a00', '01918043-eed7-7705-99c2-c3903babdce0', 'member-7', 3, null, current_timestamp, current_timestamp);

-- GROUP 3 MEMBERS
INSERT INTO notification_group_member(group_id, member_id, nickname, member_role, profile_image_url, created_at, updated_at) VALUES ('01917f85-d329-725c-89d8-e6712e585a01', '01917f7a-3d9f-75aa-be6b-ef76d583653b', 'admin', 3, null, current_timestamp, current_timestamp);
INSERT INTO notification_group_member(group_id, member_id, nickname, member_role, profile_image_url, created_at, updated_at) VALUES ('01917f85-d329-725c-89d8-e6712e585a01', '01917f7a-aeeb-7d60-893b-e4c7c60ff9b9', 'member-1', 3, null, current_timestamp, current_timestamp);
INSERT INTO notification_group_member(group_id, member_id, nickname, member_role, profile_image_url, created_at, updated_at) VALUES ('01917f85-d329-725c-89d8-e6712e585a01', '01917f7a-d55a-769e-9205-c328897c2fbf', 'member-2', 2, null, current_timestamp, current_timestamp);
INSERT INTO notification_group_member(group_id, member_id, nickname, member_role, profile_image_url, created_at, updated_at) VALUES ('01917f85-d329-725c-89d8-e6712e585a01', '01918043-8f6f-7930-a283-f84ded99d409', 'member-3', 1, null, current_timestamp, current_timestamp);
INSERT INTO notification_group_member(group_id, member_id, nickname, member_role, profile_image_url, created_at, updated_at) VALUES ('01917f85-d329-725c-89d8-e6712e585a01', '01918043-9105-755b-9940-ab9a24f0bb7d', 'member-4', 3, null, current_timestamp, current_timestamp);
INSERT INTO notification_group_member(group_id, member_id, nickname, member_role, profile_image_url, created_at, updated_at) VALUES ('01917f85-d329-725c-89d8-e6712e585a01', '01918043-eb60-7300-9487-4fa0366b5f2a', 'member-5', 3, null, current_timestamp, current_timestamp);
INSERT INTO notification_group_member(group_id, member_id, nickname, member_role, profile_image_url, created_at, updated_at) VALUES ('01917f85-d329-725c-89d8-e6712e585a01', '01918043-ed15-7ac9-98b9-c0b67ac717bc', 'member-6', 3, null, current_timestamp, current_timestamp);
INSERT INTO notification_group_member(group_id, member_id, nickname, member_role, profile_image_url, created_at, updated_at) VALUES ('01917f85-d329-725c-89d8-e6712e585a01', '01918043-eed7-7705-99c2-c3903babdce0', 'member-7', 3, null, current_timestamp, current_timestamp);

-- GROUP 4 MEMBERS
INSERT INTO notification_group_member(group_id, member_id, nickname, member_role, profile_image_url, created_at, updated_at) VALUES ('01917f85-d329-725c-89d8-e6712e585a02', '01917f7a-3d9f-75aa-be6b-ef76d583653b', 'admin', 3, null, current_timestamp, current_timestamp);
INSERT INTO notification_group_member(group_id, member_id, nickname, member_role, profile_image_url, created_at, updated_at) VALUES ('01917f85-d329-725c-89d8-e6712e585a02', '01917f7a-aeeb-7d60-893b-e4c7c60ff9b9', 'member-1', 3, null, current_timestamp, current_timestamp);
INSERT INTO notification_group_member(group_id, member_id, nickname, member_role, profile_image_url, created_at, updated_at) VALUES ('01917f85-d329-725c-89d8-e6712e585a02', '01917f7a-d55a-769e-9205-c328897c2fbf', 'member-2', 3, null, current_timestamp, current_timestamp);
INSERT INTO notification_group_member(group_id, member_id, nickname, member_role, profile_image_url, created_at, updated_at) VALUES ('01917f85-d329-725c-89d8-e6712e585a02', '01918043-8f6f-7930-a283-f84ded99d409', 'member-3', 2, null, current_timestamp, current_timestamp);
INSERT INTO notification_group_member(group_id, member_id, nickname, member_role, profile_image_url, created_at, updated_at) VALUES ('01917f85-d329-725c-89d8-e6712e585a02', '01918043-9105-755b-9940-ab9a24f0bb7d', 'member-4', 1, null, current_timestamp, current_timestamp);
INSERT INTO notification_group_member(group_id, member_id, nickname, member_role, profile_image_url, created_at, updated_at) VALUES ('01917f85-d329-725c-89d8-e6712e585a02', '01918043-eb60-7300-9487-4fa0366b5f2a', 'member-5', 3, null, current_timestamp, current_timestamp);
INSERT INTO notification_group_member(group_id, member_id, nickname, member_role, profile_image_url, created_at, updated_at) VALUES ('01917f85-d329-725c-89d8-e6712e585a02', '01918043-ed15-7ac9-98b9-c0b67ac717bc', 'member-6', 3, null, current_timestamp, current_timestamp);
INSERT INTO notification_group_member(group_id, member_id, nickname, member_role, profile_image_url, created_at, updated_at) VALUES ('01917f85-d329-725c-89d8-e6712e585a02', '01918043-eed7-7705-99c2-c3903babdce0', 'member-7', 3, null, current_timestamp, current_timestamp);

-- GROUP 5 MEMBERS
INSERT INTO notification_group_member(group_id, member_id, nickname, member_role, profile_image_url, created_at, updated_at) VALUES ('01917f85-d329-725c-89d8-e6712e585a03', '01917f7a-3d9f-75aa-be6b-ef76d583653b', 'admin', 3, null, current_timestamp, current_timestamp);
INSERT INTO notification_group_member(group_id, member_id, nickname, member_role, profile_image_url, created_at, updated_at) VALUES ('01917f85-d329-725c-89d8-e6712e585a03', '01917f7a-aeeb-7d60-893b-e4c7c60ff9b9', 'member-1', 3, null, current_timestamp, current_timestamp);
INSERT INTO notification_group_member(group_id, member_id, nickname, member_role, profile_image_url, created_at, updated_at) VALUES ('01917f85-d329-725c-89d8-e6712e585a03', '01917f7a-d55a-769e-9205-c328897c2fbf', 'member-2', 3, null, current_timestamp, current_timestamp);
INSERT INTO notification_group_member(group_id, member_id, nickname, member_role, profile_image_url, created_at, updated_at) VALUES ('01917f85-d329-725c-89d8-e6712e585a03', '01918043-8f6f-7930-a283-f84ded99d409', 'member-3', 3, null, current_timestamp, current_timestamp);
INSERT INTO notification_group_member(group_id, member_id, nickname, member_role, profile_image_url, created_at, updated_at) VALUES ('01917f85-d329-725c-89d8-e6712e585a03', '01918043-9105-755b-9940-ab9a24f0bb7d', 'member-4', 2, null, current_timestamp, current_timestamp);
INSERT INTO notification_group_member(group_id, member_id, nickname, member_role, profile_image_url, created_at, updated_at) VALUES ('01917f85-d329-725c-89d8-e6712e585a03', '01918043-eb60-7300-9487-4fa0366b5f2a', 'member-5', 1, null, current_timestamp, current_timestamp);
INSERT INTO notification_group_member(group_id, member_id, nickname, member_role, profile_image_url, created_at, updated_at) VALUES ('01917f85-d329-725c-89d8-e6712e585a03', '01918043-ed15-7ac9-98b9-c0b67ac717bc', 'member-6', 3, null, current_timestamp, current_timestamp);
INSERT INTO notification_group_member(group_id, member_id, nickname, member_role, profile_image_url, created_at, updated_at) VALUES ('01917f85-d329-725c-89d8-e6712e585a03', '01918043-eed7-7705-99c2-c3903babdce0', 'member-7', 3, null, current_timestamp, current_timestamp);

-- GROUP 6 MEMBERS
INSERT INTO notification_group_member(group_id, member_id, nickname, member_role, profile_image_url, created_at, updated_at) VALUES ('01917f85-d329-725c-89d8-e6712e585a04', '01917f7a-3d9f-75aa-be6b-ef76d583653b', 'admin', 3, null, current_timestamp, current_timestamp);
INSERT INTO notification_group_member(group_id, member_id, nickname, member_role, profile_image_url, created_at, updated_at) VALUES ('01917f85-d329-725c-89d8-e6712e585a04', '01917f7a-aeeb-7d60-893b-e4c7c60ff9b9', 'member-1', 3, null, current_timestamp, current_timestamp);
INSERT INTO notification_group_member(group_id, member_id, nickname, member_role, profile_image_url, created_at, updated_at) VALUES ('01917f85-d329-725c-89d8-e6712e585a04', '01917f7a-d55a-769e-9205-c328897c2fbf', 'member-2', 3, null, current_timestamp, current_timestamp);
INSERT INTO notification_group_member(group_id, member_id, nickname, member_role, profile_image_url, created_at, updated_at) VALUES ('01917f85-d329-725c-89d8-e6712e585a04', '01918043-8f6f-7930-a283-f84ded99d409', 'member-3', 3, null, current_timestamp, current_timestamp);
INSERT INTO notification_group_member(group_id, member_id, nickname, member_role, profile_image_url, created_at, updated_at) VALUES ('01917f85-d329-725c-89d8-e6712e585a04', '01918043-9105-755b-9940-ab9a24f0bb7d', 'member-4', 3, null, current_timestamp, current_timestamp);
INSERT INTO notification_group_member(group_id, member_id, nickname, member_role, profile_image_url, created_at, updated_at) VALUES ('01917f85-d329-725c-89d8-e6712e585a04', '01918043-eb60-7300-9487-4fa0366b5f2a', 'member-5', 2, null, current_timestamp, current_timestamp);
INSERT INTO notification_group_member(group_id, member_id, nickname, member_role, profile_image_url, created_at, updated_at) VALUES ('01917f85-d329-725c-89d8-e6712e585a04', '01918043-ed15-7ac9-98b9-c0b67ac717bc', 'member-6', 1, null, current_timestamp, current_timestamp);
INSERT INTO notification_group_member(group_id, member_id, nickname, member_role, profile_image_url, created_at, updated_at) VALUES ('01917f85-d329-725c-89d8-e6712e585a04', '01918043-eed7-7705-99c2-c3903babdce0', 'member-7', 3, null, current_timestamp, current_timestamp);

-- GROUP 7 MEMBERS
INSERT INTO notification_group_member(group_id, member_id, nickname, member_role, profile_image_url, created_at, updated_at) VALUES ('01917f85-d329-725c-89d8-e6712e585a05', '01917f7a-3d9f-75aa-be6b-ef76d583653b', 'admin', 3, null, current_timestamp, current_timestamp);
INSERT INTO notification_group_member(group_id, member_id, nickname, member_role, profile_image_url, created_at, updated_at) VALUES ('01917f85-d329-725c-89d8-e6712e585a05', '01917f7a-aeeb-7d60-893b-e4c7c60ff9b9', 'member-1', 3, null, current_timestamp, current_timestamp);
INSERT INTO notification_group_member(group_id, member_id, nickname, member_role, profile_image_url, created_at, updated_at) VALUES ('01917f85-d329-725c-89d8-e6712e585a05', '01917f7a-d55a-769e-9205-c328897c2fbf', 'member-2', 3, null, current_timestamp, current_timestamp);
INSERT INTO notification_group_member(group_id, member_id, nickname, member_role, profile_image_url, created_at, updated_at) VALUES ('01917f85-d329-725c-89d8-e6712e585a05', '01918043-8f6f-7930-a283-f84ded99d409', 'member-3', 3, null, current_timestamp, current_timestamp);
INSERT INTO notification_group_member(group_id, member_id, nickname, member_role, profile_image_url, created_at, updated_at) VALUES ('01917f85-d329-725c-89d8-e6712e585a05', '01918043-9105-755b-9940-ab9a24f0bb7d', 'member-4', 3, null, current_timestamp, current_timestamp);
INSERT INTO notification_group_member(group_id, member_id, nickname, member_role, profile_image_url, created_at, updated_at) VALUES ('01917f85-d329-725c-89d8-e6712e585a05', '01918043-eb60-7300-9487-4fa0366b5f2a', 'member-5', 3, null, current_timestamp, current_timestamp);
INSERT INTO notification_group_member(group_id, member_id, nickname, member_role, profile_image_url, created_at, updated_at) VALUES ('01917f85-d329-725c-89d8-e6712e585a05', '01918043-ed15-7ac9-98b9-c0b67ac717bc', 'member-6', 2, null, current_timestamp, current_timestamp);
INSERT INTO notification_group_member(group_id, member_id, nickname, member_role, profile_image_url, created_at, updated_at) VALUES ('01917f85-d329-725c-89d8-e6712e585a05', '01918043-eed7-7705-99c2-c3903babdce0', 'member-7', 1, null, current_timestamp, current_timestamp);

-- GROUP1 NOTIFICATION PRESET --
INSERT INTO group_notification(id, group_id, sender_id, content, status, type, scheduled_at, day_of_weeks, day_interval, trigger_time, created_at, updated_at, last_sent_at) VALUES ('0191a50a-2bcb-7618-b29a-41cb642616cc', '01917f85-d329-725c-89d8-e6712e585a4f', '01917f7a-3d9f-75aa-be6b-ef76d583653b', 'notification1', 1, 1, current_timestamp, null, null, null,current_timestamp, current_timestamp, null);
INSERT INTO group_notification(id, group_id, sender_id, content, status, type, scheduled_at, day_of_weeks, day_interval, trigger_time, created_at, updated_at, last_sent_at) VALUES ('0191a50a-2e2e-701b-b251-fe67d7ceb40d', '01917f85-d329-725c-89d8-e6712e585a4f', '01917f7a-3d9f-75aa-be6b-ef76d583653b', 'notification2', 1, 2, current_timestamp, 1, null, null, current_timestamp, current_timestamp, null);
INSERT INTO group_notification(id, group_id, sender_id, content, status, type, scheduled_at, day_of_weeks, day_interval, trigger_time, created_at, updated_at, last_sent_at) VALUES ('0191a50a-3036-7d7f-a91f-a26f9c96beb8', '01917f85-d329-725c-89d8-e6712e585a4f', '01917f7a-3d9f-75aa-be6b-ef76d583653b', 'notification3', 2, 1, current_timestamp, null, null, null, current_timestamp, current_timestamp, null);
INSERT INTO group_notification(id, group_id, sender_id, content, status, type, scheduled_at, day_of_weeks, day_interval, trigger_time, created_at, updated_at, last_sent_at) VALUES ('0191a50a-3235-7af8-9ddf-f0d0c924f975', '01917f85-d329-725c-89d8-e6712e585a4f', '01917f7a-3d9f-75aa-be6b-ef76d583653b', 'notification4', 1, 1, current_timestamp, null, null, null, current_timestamp, current_timestamp, null);
INSERT INTO group_notification(id, group_id, sender_id, content, status, type, scheduled_at, day_of_weeks, day_interval, trigger_time, created_at, updated_at, last_sent_at) VALUES ('0191a50a-37f3-747d-b543-7fef6f109d46', '01917f85-d329-725c-89d8-e6712e585a4f', '01917f7a-3d9f-75aa-be6b-ef76d583653b', 'notification5', 1, 1, current_timestamp, null, null, null, current_timestamp, current_timestamp, null);

