INSERT INTO notification_group(id, name, owner_id, description, password, type, created_at, updated_at) VALUES ('01917f85-d329-725c-89d8-e6712e585a4f', 'admin-group-1', '01917f7a-3d9f-75aa-be6b-ef76d583653b', 'admin-group-1 description', null, 2, NOW(), NOW());
INSERT INTO notification_group(id, name, owner_id, description, password, type, created_at, updated_at) VALUES ('01917f85-d329-725c-89d8-e6712e585a5f', 'group-1', '01917f7a-aeeb-7d60-893b-e4c7c60ff9b9', 'group-1 description', null, 2, NOW(), NOW());
INSERT INTO notification_group(id, name, owner_id, description, password, type, created_at, updated_at) VALUES ('01917f85-d329-725c-89d8-e6712e585a00', 'group-2', '01917f7a-d55a-769e-9205-c328897c2fbf', 'group-2 description', null, 2, NOW(), NOW());
INSERT INTO notification_group(id, name, owner_id, description, password, type, created_at, updated_at) VALUES ('01917f85-d329-725c-89d8-e6712e585a01', 'group-3', '01918043-8f6f-7930-a283-f84ded99d409', 'group-3 description', null, 2, NOW(), NOW());
INSERT INTO notification_group(id, name, owner_id, description, password, type, created_at, updated_at) VALUES ('01917f85-d329-725c-89d8-e6712e585a02', 'group-4', '01918043-9105-755b-9940-ab9a24f0bb7d', 'group-4 description', null, 2, NOW(), NOW());
INSERT INTO notification_group(id, name, owner_id, description, password, type, created_at, updated_at) VALUES ('01917f85-d329-725c-89d8-e6712e585a03', 'group-5', '01918043-eb60-7300-9487-4fa0366b5f2a', 'group-5 description', null, 2, NOW(), NOW());
INSERT INTO notification_group(id, name, owner_id, description, password, type, created_at, updated_at) VALUES ('01917f85-d329-725c-89d8-e6712e585a04', 'group-6', '01918043-ed15-7ac9-98b9-c0b67ac717bc', 'group-6 description', null, 2, NOW(), NOW());
INSERT INTO notification_group(id, name, owner_id, description, password, type, created_at, updated_at) VALUES ('01917f85-d329-725c-89d8-e6712e585a05', 'group-7', '01918043-eed7-7705-99c2-c3903babdce0', 'group-7 description', null, 2, NOW(), NOW());

-- ADMIN GROUP 1 MEMBERS
INSERT INTO notification_group_member(id, group_id, member_id, nickname, member_role, profile_image_url, created_at, updated_at) VALUES ('019413da-428f-7cd5-a7b9-c6ce01d2ef22', '01917f85-d329-725c-89d8-e6712e585a4f', '01917f7a-3d9f-75aa-be6b-ef76d583653b', 'admin-owner', 1, null, NOW(), NOW());

-- GROUP 1 MEMBERS
INSERT INTO notification_group_member(id, group_id, member_id, nickname, member_role, profile_image_url, created_at, updated_at) VALUES ('019413d0-dd72-748d-9616-b49a6b4a606d', '01917f85-d329-725c-89d8-e6712e585a5f', '01917f7a-3d9f-75aa-be6b-ef76d583653b', 'admin', 2, null, NOW(), NOW());
INSERT INTO notification_group_member(id, group_id, member_id, nickname, member_role, profile_image_url, created_at, updated_at) VALUES ('019413d0-dd72-7973-964e-000bed4326ee', '01917f85-d329-725c-89d8-e6712e585a5f', '01917f7a-aeeb-7d60-893b-e4c7c60ff9b9', 'member-1', 1, null, NOW(), NOW());
INSERT INTO notification_group_member(id, group_id, member_id, nickname, member_role, profile_image_url, created_at, updated_at) VALUES ('019413d0-dd72-715c-93e8-92a2cc8c8f88', '01917f85-d329-725c-89d8-e6712e585a5f', '01917f7a-d55a-769e-9205-c328897c2fbf', 'member-2', 3, null, NOW(), NOW());
INSERT INTO notification_group_member(id, group_id, member_id, nickname, member_role, profile_image_url, created_at, updated_at) VALUES ('019413d0-dd72-704d-a720-10eb39fd4138', '01917f85-d329-725c-89d8-e6712e585a5f', '01918043-8f6f-7930-a283-f84ded99d409', 'member-3', 3, null, NOW(), NOW());
INSERT INTO notification_group_member(id, group_id, member_id, nickname, member_role, profile_image_url, created_at, updated_at) VALUES ('019413d0-dd72-73c9-9da1-b13126733ad6', '01917f85-d329-725c-89d8-e6712e585a5f', '01918043-9105-755b-9940-ab9a24f0bb7d', 'member-4', 3, null, NOW(), NOW());
INSERT INTO notification_group_member(id, group_id, member_id, nickname, member_role, profile_image_url, created_at, updated_at) VALUES ('019413d0-dd72-7fc0-a569-56cc1028d6d7', '01917f85-d329-725c-89d8-e6712e585a5f', '01918043-eb60-7300-9487-4fa0366b5f2a', 'member-5', 3, null, NOW(), NOW());
INSERT INTO notification_group_member(id, group_id, member_id, nickname, member_role, profile_image_url, created_at, updated_at) VALUES ('019413d0-dd72-76dc-a472-e1f3df35c663', '01917f85-d329-725c-89d8-e6712e585a5f', '01918043-ed15-7ac9-98b9-c0b67ac717bc', 'member-6', 3, null, NOW(), NOW());
INSERT INTO notification_group_member(id, group_id, member_id, nickname, member_role, profile_image_url, created_at, updated_at) VALUES ('019413d0-dd72-7a6d-9d21-e82845d090b8', '01917f85-d329-725c-89d8-e6712e585a5f', '01918043-eed7-7705-99c2-c3903babdce0', 'member-7', 3, null, NOW(), NOW());

-- GROUP 2 MEMBERS
INSERT INTO notification_group_member(id, group_id, member_id, nickname, member_role, profile_image_url, created_at, updated_at) VALUES ('019413d4-2e19-7306-922b-7b4d6706008b', '01917f85-d329-725c-89d8-e6712e585a00', '01917f7a-3d9f-75aa-be6b-ef76d583653b', 'admin', 3, null, NOW(), NOW());
INSERT INTO notification_group_member(id, group_id, member_id, nickname, member_role, profile_image_url, created_at, updated_at) VALUES ('019413d4-2e19-73e3-950c-699090086ff2', '01917f85-d329-725c-89d8-e6712e585a00', '01917f7a-aeeb-7d60-893b-e4c7c60ff9b9', 'member-1', 2, null, NOW(), NOW());
INSERT INTO notification_group_member(id, group_id, member_id, nickname, member_role, profile_image_url, created_at, updated_at) VALUES ('019413d4-2e19-778a-8ad6-8df3215bccd0', '01917f85-d329-725c-89d8-e6712e585a00', '01917f7a-d55a-769e-9205-c328897c2fbf', 'member-2', 1, null, NOW(), NOW());
INSERT INTO notification_group_member(id, group_id, member_id, nickname, member_role, profile_image_url, created_at, updated_at) VALUES ('019413d4-2e19-7e69-8b79-a7c16fafeed7', '01917f85-d329-725c-89d8-e6712e585a00', '01918043-8f6f-7930-a283-f84ded99d409', 'member-3', 3, null, NOW(), NOW());
INSERT INTO notification_group_member(id, group_id, member_id, nickname, member_role, profile_image_url, created_at, updated_at) VALUES ('019413d4-2e19-7a39-b8fd-d0a0d6d3a9eb', '01917f85-d329-725c-89d8-e6712e585a00', '01918043-9105-755b-9940-ab9a24f0bb7d', 'member-4', 3, null, NOW(), NOW());
INSERT INTO notification_group_member(id, group_id, member_id, nickname, member_role, profile_image_url, created_at, updated_at) VALUES ('019413d4-2e19-793f-a143-d3582c218bf0', '01917f85-d329-725c-89d8-e6712e585a00', '01918043-eb60-7300-9487-4fa0366b5f2a', 'member-5', 3, null, NOW(), NOW());
INSERT INTO notification_group_member(id, group_id, member_id, nickname, member_role, profile_image_url, created_at, updated_at) VALUES ('019413d4-2e19-7cd6-87d8-95228f6aabf9', '01917f85-d329-725c-89d8-e6712e585a00', '01918043-ed15-7ac9-98b9-c0b67ac717bc', 'member-6', 3, null, NOW(), NOW());
INSERT INTO notification_group_member(id, group_id, member_id, nickname, member_role, profile_image_url, created_at, updated_at) VALUES ('019413d4-2e19-7da9-9c90-895eae44428d', '01917f85-d329-725c-89d8-e6712e585a00', '01918043-eed7-7705-99c2-c3903babdce0', 'member-7', 3, null, NOW(), NOW());

-- GROUP 3 MEMBERS
INSERT INTO notification_group_member(id, group_id, member_id, nickname, member_role, profile_image_url, created_at, updated_at) VALUES ('019413d5-4835-7ca2-a2f2-85a55e6a0c57', '01917f85-d329-725c-89d8-e6712e585a01', '01917f7a-3d9f-75aa-be6b-ef76d583653b', 'admin', 3, null, NOW(), NOW());
INSERT INTO notification_group_member(id, group_id, member_id, nickname, member_role, profile_image_url, created_at, updated_at) VALUES ('019413d5-4835-7234-b3d1-33b1947a4657', '01917f85-d329-725c-89d8-e6712e585a01', '01917f7a-aeeb-7d60-893b-e4c7c60ff9b9', 'member-1', 3, null, NOW(), NOW());
INSERT INTO notification_group_member(id, group_id, member_id, nickname, member_role, profile_image_url, created_at, updated_at) VALUES ('019413d5-4835-7688-9197-679a828d3572', '01917f85-d329-725c-89d8-e6712e585a01', '01917f7a-d55a-769e-9205-c328897c2fbf', 'member-2', 2, null, NOW(), NOW());
INSERT INTO notification_group_member(id, group_id, member_id, nickname, member_role, profile_image_url, created_at, updated_at) VALUES ('019413d5-4835-799a-a289-2990a4c49397', '01917f85-d329-725c-89d8-e6712e585a01', '01918043-8f6f-7930-a283-f84ded99d409', 'member-3', 1, null, NOW(), NOW());
INSERT INTO notification_group_member(id, group_id, member_id, nickname, member_role, profile_image_url, created_at, updated_at) VALUES ('019413d5-4835-74a0-bd71-029105213ae8', '01917f85-d329-725c-89d8-e6712e585a01', '01918043-9105-755b-9940-ab9a24f0bb7d', 'member-4', 3, null, NOW(), NOW());
INSERT INTO notification_group_member(id, group_id, member_id, nickname, member_role, profile_image_url, created_at, updated_at) VALUES ('019413d5-4835-7a08-9621-595602689421', '01917f85-d329-725c-89d8-e6712e585a01', '01918043-eb60-7300-9487-4fa0366b5f2a', 'member-5', 3, null, NOW(), NOW());
INSERT INTO notification_group_member(id, group_id, member_id, nickname, member_role, profile_image_url, created_at, updated_at) VALUES ('019413d5-4835-7e83-ae53-1909fdd0d749', '01917f85-d329-725c-89d8-e6712e585a01', '01918043-ed15-7ac9-98b9-c0b67ac717bc', 'member-6', 3, null, NOW(), NOW());
INSERT INTO notification_group_member(id, group_id, member_id, nickname, member_role, profile_image_url, created_at, updated_at) VALUES ('019413d5-4835-7393-8859-050b25420c4f', '01917f85-d329-725c-89d8-e6712e585a01', '01918043-eed7-7705-99c2-c3903babdce0', 'member-7', 3, null, NOW(), NOW());

-- GROUP 4 MEMBERS
INSERT INTO notification_group_member(id, group_id, member_id, nickname, member_role, profile_image_url, created_at, updated_at) VALUES ('019413d5-fca4-715b-900f-2654feffdab3', '01917f85-d329-725c-89d8-e6712e585a02', '01917f7a-3d9f-75aa-be6b-ef76d583653b', 'admin', 3, null, NOW(), NOW());
INSERT INTO notification_group_member(id, group_id, member_id, nickname, member_role, profile_image_url, created_at, updated_at) VALUES ('019413d5-fca4-79a5-8b9c-8a05e2cdcade', '01917f85-d329-725c-89d8-e6712e585a02', '01917f7a-aeeb-7d60-893b-e4c7c60ff9b9', 'member-1', 3, null, NOW(), NOW());
INSERT INTO notification_group_member(id, group_id, member_id, nickname, member_role, profile_image_url, created_at, updated_at) VALUES ('019413d5-fca4-78a3-a5a0-b87c7c415ebc', '01917f85-d329-725c-89d8-e6712e585a02', '01917f7a-d55a-769e-9205-c328897c2fbf', 'member-2', 3, null, NOW(), NOW());
INSERT INTO notification_group_member(id, group_id, member_id, nickname, member_role, profile_image_url, created_at, updated_at) VALUES ('019413d5-fca4-7760-8555-f63a9ba6537d', '01917f85-d329-725c-89d8-e6712e585a02', '01918043-8f6f-7930-a283-f84ded99d409', 'member-3', 2, null, NOW(), NOW());
INSERT INTO notification_group_member(id, group_id, member_id, nickname, member_role, profile_image_url, created_at, updated_at) VALUES ('019413d5-fca4-7077-adaf-45df04600bcf', '01917f85-d329-725c-89d8-e6712e585a02', '01918043-9105-755b-9940-ab9a24f0bb7d', 'member-4', 1, null, NOW(), NOW());
INSERT INTO notification_group_member(id, group_id, member_id, nickname, member_role, profile_image_url, created_at, updated_at) VALUES ('019413d5-fca4-7615-b4cc-9e525b1efecd', '01917f85-d329-725c-89d8-e6712e585a02', '01918043-eb60-7300-9487-4fa0366b5f2a', 'member-5', 3, null, NOW(), NOW());
INSERT INTO notification_group_member(id, group_id, member_id, nickname, member_role, profile_image_url, created_at, updated_at) VALUES ('019413d5-fca4-7ead-81b0-8f045382aff6', '01917f85-d329-725c-89d8-e6712e585a02', '01918043-ed15-7ac9-98b9-c0b67ac717bc', 'member-6', 3, null, NOW(), NOW());
INSERT INTO notification_group_member(id, group_id, member_id, nickname, member_role, profile_image_url, created_at, updated_at) VALUES ('019413d5-fca4-7376-a3af-f6df9a577fa3', '01917f85-d329-725c-89d8-e6712e585a02', '01918043-eed7-7705-99c2-c3903babdce0', 'member-7', 3, null, NOW(), NOW());

-- GROUP 5 MEMBERS
INSERT INTO notification_group_member(id, group_id, member_id, nickname, member_role, profile_image_url, created_at, updated_at) VALUES ('019413d6-ab28-704d-b1f9-6da284721af0', '01917f85-d329-725c-89d8-e6712e585a03', '01917f7a-3d9f-75aa-be6b-ef76d583653b', 'admin', 3, null, NOW(), NOW());
INSERT INTO notification_group_member(id, group_id, member_id, nickname, member_role, profile_image_url, created_at, updated_at) VALUES ('019413d6-ab28-7877-a73d-49ad906c4d6b', '01917f85-d329-725c-89d8-e6712e585a03', '01917f7a-aeeb-7d60-893b-e4c7c60ff9b9', 'member-1', 3, null, NOW(), NOW());
INSERT INTO notification_group_member(id, group_id, member_id, nickname, member_role, profile_image_url, created_at, updated_at) VALUES ('019413d6-ab28-719b-8437-2ea00750caf8', '01917f85-d329-725c-89d8-e6712e585a03', '01917f7a-d55a-769e-9205-c328897c2fbf', 'member-2', 3, null, NOW(), NOW());
INSERT INTO notification_group_member(id, group_id, member_id, nickname, member_role, profile_image_url, created_at, updated_at) VALUES ('019413d6-ab28-7a1d-a8e3-440f52d03b89', '01917f85-d329-725c-89d8-e6712e585a03', '01918043-8f6f-7930-a283-f84ded99d409', 'member-3', 3, null, NOW(), NOW());
INSERT INTO notification_group_member(id, group_id, member_id, nickname, member_role, profile_image_url, created_at, updated_at) VALUES ('019413d6-ab28-76df-9583-7e0d8c882c5b', '01917f85-d329-725c-89d8-e6712e585a03', '01918043-9105-755b-9940-ab9a24f0bb7d', 'member-4', 2, null, NOW(), NOW());
INSERT INTO notification_group_member(id, group_id, member_id, nickname, member_role, profile_image_url, created_at, updated_at) VALUES ('019413d6-ab28-7af0-859c-2a9c6d6d3df7', '01917f85-d329-725c-89d8-e6712e585a03', '01918043-eb60-7300-9487-4fa0366b5f2a', 'member-5', 1, null, NOW(), NOW());
INSERT INTO notification_group_member(id, group_id, member_id, nickname, member_role, profile_image_url, created_at, updated_at) VALUES ('019413d6-ab28-7694-9f47-35b50e71745d', '01917f85-d329-725c-89d8-e6712e585a03', '01918043-ed15-7ac9-98b9-c0b67ac717bc', 'member-6', 3, null, NOW(), NOW());
INSERT INTO notification_group_member(id, group_id, member_id, nickname, member_role, profile_image_url, created_at, updated_at) VALUES ('019413d6-ab28-719c-b4ab-5192b4fa7358', '01917f85-d329-725c-89d8-e6712e585a03', '01918043-eed7-7705-99c2-c3903babdce0', 'member-7', 3, null, NOW(), NOW());

-- GROUP 6 MEMBERS
INSERT INTO notification_group_member(id, group_id, member_id, nickname, member_role, profile_image_url, created_at, updated_at) VALUES ('019413d7-4730-7a03-a9dd-8573073d55cf', '01917f85-d329-725c-89d8-e6712e585a04', '01917f7a-3d9f-75aa-be6b-ef76d583653b', 'admin', 3, null, NOW(), NOW());
INSERT INTO notification_group_member(id, group_id, member_id, nickname, member_role, profile_image_url, created_at, updated_at) VALUES ('019413d7-4730-7cc9-863a-fa0e477fae15', '01917f85-d329-725c-89d8-e6712e585a04', '01917f7a-aeeb-7d60-893b-e4c7c60ff9b9', 'member-1', 3, null, NOW(), NOW());
INSERT INTO notification_group_member(id, group_id, member_id, nickname, member_role, profile_image_url, created_at, updated_at) VALUES ('019413d7-4730-72bb-8609-7aca2d59a95c', '01917f85-d329-725c-89d8-e6712e585a04', '01917f7a-d55a-769e-9205-c328897c2fbf', 'member-2', 3, null, NOW(), NOW());
INSERT INTO notification_group_member(id, group_id, member_id, nickname, member_role, profile_image_url, created_at, updated_at) VALUES ('019413d7-4730-73b0-9053-f536c65a1841', '01917f85-d329-725c-89d8-e6712e585a04', '01918043-8f6f-7930-a283-f84ded99d409', 'member-3', 3, null, NOW(), NOW());
INSERT INTO notification_group_member(id, group_id, member_id, nickname, member_role, profile_image_url, created_at, updated_at) VALUES ('019413d7-4730-7b4c-b6a4-c1c11a5ba44f', '01917f85-d329-725c-89d8-e6712e585a04', '01918043-9105-755b-9940-ab9a24f0bb7d', 'member-4', 3, null, NOW(), NOW());
INSERT INTO notification_group_member(id, group_id, member_id, nickname, member_role, profile_image_url, created_at, updated_at) VALUES ('019413d7-4730-7067-878d-e31575f3a68d', '01917f85-d329-725c-89d8-e6712e585a04', '01918043-eb60-7300-9487-4fa0366b5f2a', 'member-5', 2, null, NOW(), NOW());
INSERT INTO notification_group_member(id, group_id, member_id, nickname, member_role, profile_image_url, created_at, updated_at) VALUES ('019413d7-4730-75be-8e65-6081d8864ae2', '01917f85-d329-725c-89d8-e6712e585a04', '01918043-ed15-7ac9-98b9-c0b67ac717bc', 'member-6', 1, null, NOW(), NOW());
INSERT INTO notification_group_member(id, group_id, member_id, nickname, member_role, profile_image_url, created_at, updated_at) VALUES ('019413d7-4730-76c7-b80d-88c1b1fb8c76', '01917f85-d329-725c-89d8-e6712e585a04', '01918043-eed7-7705-99c2-c3903babdce0', 'member-7', 3, null, NOW(), NOW());

-- GROUP 7 MEMBERS
INSERT INTO notification_group_member(id, group_id, member_id, nickname, member_role, profile_image_url, created_at, updated_at) VALUES ('019413d7-e065-7125-942e-542516a610d5', '01917f85-d329-725c-89d8-e6712e585a05', '01917f7a-3d9f-75aa-be6b-ef76d583653b', 'admin', 3, null, NOW(), NOW());
INSERT INTO notification_group_member(id, group_id, member_id, nickname, member_role, profile_image_url, created_at, updated_at) VALUES ('019413d7-e065-7b65-843d-6a8a4a3f347c', '01917f85-d329-725c-89d8-e6712e585a05', '01917f7a-aeeb-7d60-893b-e4c7c60ff9b9', 'member-1', 3, null, NOW(), NOW());
INSERT INTO notification_group_member(id, group_id, member_id, nickname, member_role, profile_image_url, created_at, updated_at) VALUES ('019413d7-e065-792d-848a-a42f996674a7', '01917f85-d329-725c-89d8-e6712e585a05', '01917f7a-d55a-769e-9205-c328897c2fbf', 'member-2', 3, null, NOW(), NOW());
INSERT INTO notification_group_member(id, group_id, member_id, nickname, member_role, profile_image_url, created_at, updated_at) VALUES ('019413d7-e065-7974-a16e-5a7cee1b09af', '01917f85-d329-725c-89d8-e6712e585a05', '01918043-8f6f-7930-a283-f84ded99d409', 'member-3', 3, null, NOW(), NOW());
INSERT INTO notification_group_member(id, group_id, member_id, nickname, member_role, profile_image_url, created_at, updated_at) VALUES ('019413d7-e065-7545-9c09-f7dbee7fbe6e', '01917f85-d329-725c-89d8-e6712e585a05', '01918043-9105-755b-9940-ab9a24f0bb7d', 'member-4', 3, null, NOW(), NOW());
INSERT INTO notification_group_member(id, group_id, member_id, nickname, member_role, profile_image_url, created_at, updated_at) VALUES ('019413d7-e065-75c1-b5d0-f687738a4b77', '01917f85-d329-725c-89d8-e6712e585a05', '01918043-eb60-7300-9487-4fa0366b5f2a', 'member-5', 3, null, NOW(), NOW());
INSERT INTO notification_group_member(id, group_id, member_id, nickname, member_role, profile_image_url, created_at, updated_at) VALUES ('019413d7-e065-77ca-9189-a85391d7a77c', '01917f85-d329-725c-89d8-e6712e585a05', '01918043-ed15-7ac9-98b9-c0b67ac717bc', 'member-6', 2, null, NOW(), NOW());
INSERT INTO notification_group_member(id, group_id, member_id, nickname, member_role, profile_image_url, created_at, updated_at) VALUES ('019413d7-e065-79d7-9fe6-d5a575cf5159', '01917f85-d329-725c-89d8-e6712e585a05', '01918043-eed7-7705-99c2-c3903babdce0', 'member-7', 1, null, NOW(), NOW());

-- GROUP1 NOTIFICATION PRESET --
INSERT INTO group_notification(id, group_id, sender_id, content, status, type, scheduled_at, day_of_weeks, day_interval, trigger_time, created_at, updated_at, last_sent_at) VALUES ('0191a50a-2bcb-7618-b29a-41cb642616cc', '01917f85-d329-725c-89d8-e6712e585a4f', '01917f7a-3d9f-75aa-be6b-ef76d583653b', 'notification1', 1, 1, NOW(), null, null, null,NOW(), NOW(), null);
INSERT INTO group_notification(id, group_id, sender_id, content, status, type, scheduled_at, day_of_weeks, day_interval, trigger_time, created_at, updated_at, last_sent_at) VALUES ('0191a50a-2e2e-701b-b251-fe67d7ceb40d', '01917f85-d329-725c-89d8-e6712e585a4f', '01917f7a-3d9f-75aa-be6b-ef76d583653b', 'notification2', 1, 2, NOW(), 1, null, null, NOW(), NOW(), null);
INSERT INTO group_notification(id, group_id, sender_id, content, status, type, scheduled_at, day_of_weeks, day_interval, trigger_time, created_at, updated_at, last_sent_at) VALUES ('0191a50a-3036-7d7f-a91f-a26f9c96beb8', '01917f85-d329-725c-89d8-e6712e585a4f', '01917f7a-3d9f-75aa-be6b-ef76d583653b', 'notification3', 2, 1, NOW(), null, null, null, NOW(), NOW(), null);
INSERT INTO group_notification(id, group_id, sender_id, content, status, type, scheduled_at, day_of_weeks, day_interval, trigger_time, created_at, updated_at, last_sent_at) VALUES ('0191a50a-3235-7af8-9ddf-f0d0c924f975', '01917f85-d329-725c-89d8-e6712e585a4f', '01917f7a-3d9f-75aa-be6b-ef76d583653b', 'notification4', 1, 1, NOW(), null, null, null, NOW(), NOW(), null);
INSERT INTO group_notification(id, group_id, sender_id, content, status, type, scheduled_at, day_of_weeks, day_interval, trigger_time, created_at, updated_at, last_sent_at) VALUES ('0191a50a-37f3-747d-b543-7fef6f109d46', '01917f85-d329-725c-89d8-e6712e585a4f', '01917f7a-3d9f-75aa-be6b-ef76d583653b', 'notification5', 1, 1, NOW(), null, null, null, NOW(), NOW(), null);

INSERT INTO group_notification(id, group_id, sender_id, content, status, type, scheduled_at, day_of_weeks, day_interval, trigger_time, created_at, updated_at, last_sent_at) VALUES ('0191a50a-2bcb-7618-b29a-41cb642616ee', '01917f85-d329-725c-89d8-e6712e585a01', '01917f7a-3d9f-75aa-be6b-ef76d583653b', 'notification1', 1, 1, NOW(), null, null, null,NOW(), NOW(), null);
INSERT INTO group_notification(id, group_id, sender_id, content, status, type, scheduled_at, day_of_weeks, day_interval, trigger_time, created_at, updated_at, last_sent_at) VALUES ('0191a50a-2e2e-701b-b251-fe67d7ceb4ff', '01917f85-d329-725c-89d8-e6712e585a01', '01917f7a-3d9f-75aa-be6b-ef76d583653b', 'notification2', 1, 2, NOW(), 1, null, null, NOW(), NOW(), null);
INSERT INTO group_notification(id, group_id, sender_id, content, status, type, scheduled_at, day_of_weeks, day_interval, trigger_time, created_at, updated_at, last_sent_at) VALUES ('0191a50a-3036-7d7f-a91f-a26f9c96beaa', '01917f85-d329-725c-89d8-e6712e585a01', '01917f7a-3d9f-75aa-be6b-ef76d583653b', 'notification3', 2, 1, NOW(), null, null, null, NOW(), NOW(), null);
INSERT INTO group_notification(id, group_id, sender_id, content, status, type, scheduled_at, day_of_weeks, day_interval, trigger_time, created_at, updated_at, last_sent_at) VALUES ('0191a50a-3235-7af8-9ddf-f0d0c924f9dd', '01917f85-d329-725c-89d8-e6712e585a01', '01917f7a-3d9f-75aa-be6b-ef76d583653b', 'notification4', 1, 1, NOW(), null, null, null, NOW(), NOW(), null);
INSERT INTO group_notification(id, group_id, sender_id, content, status, type, scheduled_at, day_of_weeks, day_interval, trigger_time, created_at, updated_at, last_sent_at) VALUES ('0191a50a-37f3-747d-b543-7fef6f109dff', '01917f85-d329-725c-89d8-e6712e585a01', '01917f7a-3d9f-75aa-be6b-ef76d583653b', 'notification5', 1, 1, NOW(), null, null, null, NOW(), NOW(), null);

